{
  "framework": "solid-tui",
  "totalTime": 10002,
  "updateCount": 99,
  "avgUpdateTime": 0.010624606060587488,
  "minUpdateTime": 0.004124999999476131,
  "maxUpdateTime": 0.06333300000005693,
  "memory": 7768304
}